file_name,new_name,sample_id
./fastq/plate1-F1_S114_L001_R1_001.fastq,AA4508016O71F1_R1_.fastq,AA4_50-80_16O-7_1_F1_R1
./fastq/plate2-H1_S179_L001_R1_001.fastq,AB4508016O302H1_R1_.fastq,AB4_50-80_16O-30_2_H1_R1
./fastq/plate1-F2_S115_L001_R1_001.fastq,AA4508016O71F2_R1_.fastq,AA4_50-80_16O-7_1_F2_R1
./fastq/plate3-B3_S51_L001_R1_001.fastq,AC4508018O73B3_R1_.fastq,AC4_50-80_18O-7_3_B3_R1
./fastq/plate2-C2-redo_S57_L001_R2_001.fastq,AB4508016O302C2-redo_R2_.fastq,AB4_50-80_16O-30_2_C2_R2-redo
./fastq/plate2-G6_S183_L001_R2_001.fastq,AC4508016O302G6_R2_.fastq,AC4_50-80_16O-30_2_G6_R2
./fastq/plate2-H10_S14_L001_R2_001.fastq,AB4508018O72H10_R2_.fastq,AB4_50-80_18O-7_2_H10_R2
./fastq/plate2-H7_S184_L001_R2_001.fastq,AA4508018O72H7_R2_.fastq,AA4_50-80_18O-7_2_H7_R2
./fastq/plate1-A2_S150_L001_R2_001.fastq,AA4508016O71A2_R2_.fastq,AA4_50-80_16O-7_1_A2_R2
./fastq/plate1-F4_S140_L001_R2_001.fastq,AB4508016O71F4_R2_.fastq,AB4_50-80_16O-7_1_F4_R2
./fastq/plate2-F7_S160_L001_R1_001.fastq,AA4508018O72F7_R1_.fastq,AA4_50-80_18O-7_2_F7_R1
./fastq/plate3-D1_S70_L001_R2_001.fastq,AC4508018O73D1_R2_.fastq,AC4_50-80_18O-7_3_D1_R2
./fastq/plate3-H5_S42_L001_R1_001.fastq,AA4508018O303H5_R1_.fastq,AA4_50-80_18O-30_3_H5_R1
./fastq/plate3-B2_S50_L001_R1_001.fastq,AC4508018O73B2_R1_.fastq,AC4_50-80_18O-7_3_B2_R1
./fastq/plate3-A2_S39_L001_R2_001.fastq,AC4508018O73A2_R2_.fastq,AC4_50-80_18O-7_3_A2_R2
./fastq/plate2-B6_S147_L001_R2_001.fastq,AA4508018O72B6_R2_.fastq,AA4_50-80_18O-7_2_B6_R2
./fastq/plate2-B5_S146_L001_R2_001.fastq,AC4508016O302B5_R2_.fastq,AC4_50-80_16O-30_2_B5_R2
./fastq/plate2-F10_S79_L001_R1_001.fastq,AB4508018O72F10_R1_.fastq,AB4_50-80_18O-7_2_F10_R1
./fastq/plate1-A11_S95_L001_R1_001.fastq,AA4508016O301A11_R1_.fastq,AA4_50-80_16O-30_1_A11_R1
./fastq/plate2-A2-redo_S34_L001_R1_001.fastq,AB4508016O302A2-redo_R1_.fastq,AB4_50-80_16O-30_2_A2_R1-redo
./fastq/plate2-G10_S2_L001_R1_001.fastq,AB4508018O72G10_R1_.fastq,AB4_50-80_18O-7_2_G10_R1
./fastq/plate3-A6_S53_L001_R2_001.fastq,AB4508018O303A6_R2_.fastq,AB4_50-80_18O-30_3_A6_R2
./fastq/plate3-E2_S81_L001_R2_001.fastq,AC4508018O73E2_R2_.fastq,AC4_50-80_18O-7_3_E2_R2
./fastq/plate2-B6_S147_L001_R1_001.fastq,AA4508018O72B6_R1_.fastq,AA4_50-80_18O-7_2_B6_R1
./fastq/plate3-A2_S39_L001_R1_001.fastq,AC4508018O73A2_R1_.fastq,AC4_50-80_18O-7_3_A2_R1
./fastq/plate2-B5_S146_L001_R1_001.fastq,AC4508016O302B5_R1_.fastq,AC4_50-80_16O-30_2_B5_R1
./fastq/plate3-H5_S42_L001_R2_001.fastq,AA4508018O303H5_R2_.fastq,AA4_50-80_18O-30_3_H5_R2
./fastq/plate3-B2_S50_L001_R2_001.fastq,AC4508018O73B2_R2_.fastq,AC4_50-80_18O-7_3_B2_R2
./fastq/plate2-G10_S2_L001_R2_001.fastq,AB4508018O72G10_R2_.fastq,AB4_50-80_18O-7_2_G10_R2
./fastq/plate2-A2-redo_S34_L001_R2_001.fastq,AB4508016O302A2-redo_R2_.fastq,AB4_50-80_16O-30_2_A2_R2-redo
./fastq/plate3-E2_S81_L001_R1_001.fastq,AC4508018O73E2_R1_.fastq,AC4_50-80_18O-7_3_E2_R1
./fastq/plate3-A6_S53_L001_R1_001.fastq,AB4508018O303A6_R1_.fastq,AB4_50-80_18O-30_3_A6_R1
./fastq/plate1-A11_S95_L001_R2_001.fastq,AA4508016O301A11_R2_.fastq,AA4_50-80_16O-30_1_A11_R2
./fastq/plate2-F10_S79_L001_R2_001.fastq,AB4508018O72F10_R2_.fastq,AB4_50-80_18O-7_2_F10_R2
./fastq/plate2-G6_S183_L001_R1_001.fastq,AC4508016O302G6_R1_.fastq,AC4_50-80_16O-30_2_G6_R1
./fastq/plate2-C2-redo_S57_L001_R1_001.fastq,AB4508016O302C2-redo_R1_.fastq,AB4_50-80_16O-30_2_C2_R1-redo
./fastq/plate2-H10_S14_L001_R1_001.fastq,AB4508018O72H10_R1_.fastq,AB4_50-80_18O-7_2_H10_R1
./fastq/plate2-H1_S179_L001_R2_001.fastq,AB4508016O302H1_R2_.fastq,AB4_50-80_16O-30_2_H1_R2
./fastq/plate1-F1_S114_L001_R2_001.fastq,AA4508016O71F1_R2_.fastq,AA4_50-80_16O-7_1_F1_R2
./fastq/plate3-B3_S51_L001_R2_001.fastq,AC4508018O73B3_R2_.fastq,AC4_50-80_18O-7_3_B3_R2
./fastq/plate1-F2_S115_L001_R2_001.fastq,AA4508016O71F2_R2_.fastq,AA4_50-80_16O-7_1_F2_R2
./fastq/plate1-F4_S140_L001_R1_001.fastq,AB4508016O71F4_R1_.fastq,AB4_50-80_16O-7_1_F4_R1
./fastq/plate3-D1_S70_L001_R1_001.fastq,AC4508018O73D1_R1_.fastq,AC4_50-80_18O-7_3_D1_R1
./fastq/plate2-F7_S160_L001_R2_001.fastq,AA4508018O72F7_R2_.fastq,AA4_50-80_18O-7_2_F7_R2
./fastq/plate1-A2_S150_L001_R1_001.fastq,AA4508016O71A2_R1_.fastq,AA4_50-80_16O-7_1_A2_R1
./fastq/plate2-H7_S184_L001_R1_001.fastq,AA4508018O72H7_R1_.fastq,AA4_50-80_18O-7_2_H7_R1
./fastq/plate3-G7_S43_L001_R1_001.fastq,AB4508018O303G7_R1_.fastq,AB4_50-80_18O-30_3_G7_R1
./fastq/plate3-E10_S33_L001_R1_001.fastq,AC4508018O303E10_R1_.fastq,AC4_50-80_18O-30_3_E10_R1
./fastq/plate1-B4-redo_S23_L001_R2_001.fastq,AB4508016O71B4-redo_R2_.fastq,AB4_50-80_16O-7_1_B4_R2-redo
./fastq/plate3-F1_S3_L001_R1_001.fastq,AC4508018O73F1_R1_.fastq,AC4_50-80_18O-7_3_F1_R1
./fastq/plate3-G5-redo_S24_L001_R2_001.fastq,AA4508018O303G5-redo_R2_.fastq,AA4_50-80_18O-30_3_G5_R2-redo
./fastq/plate2-E3_S133_L001_R2_001.fastq,AB4508016O302E3_R2_.fastq,AB4_50-80_16O-30_2_E3_R2
./fastq/plate2-H9_S13_L001_R2_001.fastq,AB4508018O72H9_R2_.fastq,AB4_50-80_18O-7_2_H9_R2
./fastq/plate3-B5_S63_L001_R2_001.fastq,AA4508018O303B5_R2_.fastq,AA4_50-80_18O-30_3_B5_R2
./fastq/plate1-C2_S174_L001_R2_001.fastq,AA4508016O71C2_R2_.fastq,AA4_50-80_16O-7_1_C2_R2
./fastq/plate1-C4-redo_S35_L001_R1_001.fastq,AB4508016O71C4-redo_R1_.fastq,AB4_50-80_16O-7_1_C4_R1-redo
./fastq/plate2-F5_S99_L001_R1_001.fastq,AC4508016O302F5_R1_.fastq,AC4_50-80_16O-30_2_F5_R1
./fastq/plate3-C11_S10_L001_R1_001.fastq,AC4508018O303C11_R1_.fastq,AC4_50-80_18O-30_3_C11_R1
./fastq/plate1-C10_S130_L001_R2_001.fastq,AA4508016O301C10_R2_.fastq,AA4_50-80_16O-30_1_C10_R2
./fastq/plate1-F9_S165_L001_R1_001.fastq,AA4508016O301F9_R1_.fastq,AA4_50-80_16O-30_1_F9_R1
./fastq/plate3-D7_S7_L001_R2_001.fastq,AB4508018O303D7_R2_.fastq,AB4_50-80_18O-30_3_D7_R2
./fastq/plate1-B3_S163_L001_R2_001.fastq,AA4508016O71B3_R2_.fastq,AA4_50-80_16O-7_1_B3_R2
./fastq/plate1-A4_S175_L001_R1_001.fastq,AB4508016O71A4_R1_.fastq,AB4_50-80_16O-7_1_A4_R1
./fastq/plate3-D8_S75_L001_R1_001.fastq,AB4508018O303D8_R1_.fastq,AB4_50-80_18O-30_3_D8_R1
./fastq/plate3-B7_S74_L001_R1_001.fastq,AB4508018O303B7_R1_.fastq,AB4_50-80_18O-30_3_B7_R1
./fastq/plate3-C11_S10_L001_R2_001.fastq,AC4508018O303C11_R2_.fastq,AC4_50-80_18O-30_3_C11_R2
./fastq/plate1-C10_S130_L001_R1_001.fastq,AA4508016O301C10_R1_.fastq,AA4_50-80_16O-30_1_C10_R1
./fastq/plate2-F5_S99_L001_R2_001.fastq,AC4508016O302F5_R2_.fastq,AC4_50-80_16O-30_2_F5_R2
./fastq/plate1-A4_S175_L001_R2_001.fastq,AB4508016O71A4_R2_.fastq,AB4_50-80_16O-7_1_A4_R2
./fastq/plate1-B3_S163_L001_R1_001.fastq,AA4508016O71B3_R1_.fastq,AA4_50-80_16O-7_1_B3_R1
./fastq/plate3-B7_S74_L001_R2_001.fastq,AB4508018O303B7_R2_.fastq,AB4_50-80_18O-30_3_B7_R2
./fastq/plate3-D8_S75_L001_R2_001.fastq,AB4508018O303D8_R2_.fastq,AB4_50-80_18O-30_3_D8_R2
./fastq/plate3-D7_S7_L001_R1_001.fastq,AB4508018O303D7_R1_.fastq,AB4_50-80_18O-30_3_D7_R1
./fastq/plate1-F9_S165_L001_R2_001.fastq,AA4508016O301F9_R2_.fastq,AA4_50-80_16O-30_1_F9_R2
./fastq/plate3-E10_S33_L001_R2_001.fastq,AC4508018O303E10_R2_.fastq,AC4_50-80_18O-30_3_E10_R2
./fastq/plate1-B4-redo_S23_L001_R1_001.fastq,AB4508016O71B4-redo_R1_.fastq,AB4_50-80_16O-7_1_B4_R1-redo
./fastq/plate3-G7_S43_L001_R2_001.fastq,AB4508018O303G7_R2_.fastq,AB4_50-80_18O-30_3_G7_R2
./fastq/plate2-E3_S133_L001_R1_001.fastq,AB4508016O302E3_R1_.fastq,AB4_50-80_16O-30_2_E3_R1
./fastq/plate1-C4-redo_S35_L001_R2_001.fastq,AB4508016O71C4-redo_R2_.fastq,AB4_50-80_16O-7_1_C4_R2-redo
./fastq/plate1-C2_S174_L001_R1_001.fastq,AA4508016O71C2_R1_.fastq,AA4_50-80_16O-7_1_C2_R1
./fastq/plate3-B5_S63_L001_R1_001.fastq,AA4508018O303B5_R1_.fastq,AA4_50-80_18O-30_3_B5_R1
./fastq/plate2-H9_S13_L001_R1_001.fastq,AB4508018O72H9_R1_.fastq,AB4_50-80_18O-7_2_H9_R1
./fastq/plate3-G5-redo_S24_L001_R1_001.fastq,AA4508018O303G5-redo_R1_.fastq,AA4_50-80_18O-30_3_G5_R1-redo
./fastq/plate3-F1_S3_L001_R2_001.fastq,AC4508018O73F1_R2_.fastq,AC4_50-80_18O-7_3_F1_R2
./fastq/plate1-G10_S178_L001_R2_001.fastq,AA4508016O301G10_R2_.fastq,AA4_50-80_16O-30_1_G10_R2
./fastq/plate2-E2_S144_L001_R2_001.fastq,AB4508016O302E2_R2_.fastq,AB4_50-80_16O-30_2_E2_R2
./fastq/plate1-B2_S162_L001_R1_001.fastq,AA4508016O71B2_R1_.fastq,AA4_50-80_16O-7_1_B2_R1
./fastq/plate3-A11_S77_L001_R2_001.fastq,AC4508018O303A11_R2_.fastq,AC4_50-80_18O-30_3_A11_R2
./fastq/plate2-D5_S170_L001_R2_001.fastq,AC4508016O302D5_R2_.fastq,AC4_50-80_16O-30_2_D5_R2
./fastq/plate2-C10_S48_L001_R2_001.fastq,AB4508018O72C10_R2_.fastq,AB4_50-80_18O-7_2_C10_R2
./fastq/plate2-G1_S167_L001_R1_001.fastq,AB4508016O302G1_R1_.fastq,AB4_50-80_16O-30_2_G1_R1
./fastq/plate2-F2_S156_L001_R1_001.fastq,AB4508016O302F2_R1_.fastq,AB4_50-80_16O-30_2_F2_R1
./fastq/plate1-F10_S166_L001_R2_001.fastq,AA4508016O301F10_R2_.fastq,AA4_50-80_16O-30_1_F10_R2
./fastq/plate3-F10_S45_L001_R2_001.fastq,AC4508018O303F10_R2_.fastq,AC4_50-80_18O-30_3_F10_R2
./fastq/plate2-G8_S137_L001_R2_001.fastq,AA4508018O72G8_R2_.fastq,AA4_50-80_18O-7_2_G8_R2
./fastq/plate1-D1_S90_L001_R2_001.fastq,AA4508016O71D1_R2_.fastq,AA4_50-80_16O-7_1_D1_R2
./fastq/plate3-A10_S76_L001_R2_001.fastq,AC4508018O303A10_R2_.fastq,AC4_50-80_18O-30_3_A10_R2
./fastq/plate3-E4_S17_L001_R2_001.fastq,AA4508018O303E4_R2_.fastq,AA4_50-80_18O-30_3_E4_R2
./fastq/plate3-G5_S30_L001_R2_001.fastq,AA4508018O303G5_R2_.fastq,AA4_50-80_18O-30_3_G5_R2
./fastq/plate3-F4_S29_L001_R2_001.fastq,AA4508018O303F4_R2_.fastq,AA4_50-80_18O-30_3_F4_R2
./fastq/plate2-C11_S49_L001_R2_001.fastq,AB4508018O72C11_R2_.fastq,AB4_50-80_18O-7_2_C11_R2
./fastq/plate3-H7_S54_L001_R2_001.fastq,AB4508018O303H7_R2_.fastq,AB4_50-80_18O-30_3_H7_R2
./fastq/plate3-C4_S82_L001_R2_001.fastq,AA4508018O303C4_R2_.fastq,AA4_50-80_18O-30_3_C4_R2
./fastq/plate2-C4-redo_S47_L001_R2_001.fastq,AC4508016O302C4-redo_R2_.fastq,AC4_50-80_16O-30_2_C4_R2-redo
./fastq/plate1-E5_S117_L001_R2_001.fastq,AB4508016O71E5_R2_.fastq,AB4_50-80_16O-7_1_E5_R2
./fastq/plate3-E4_S17_L001_R1_001.fastq,AA4508018O303E4_R1_.fastq,AA4_50-80_18O-30_3_E4_R1
./fastq/plate3-A10_S76_L001_R1_001.fastq,AC4508018O303A10_R1_.fastq,AC4_50-80_18O-30_3_A10_R1
./fastq/plate3-G5_S30_L001_R1_001.fastq,AA4508018O303G5_R1_.fastq,AA4_50-80_18O-30_3_G5_R1
./fastq/plate1-E5_S117_L001_R1_001.fastq,AB4508016O71E5_R1_.fastq,AB4_50-80_16O-7_1_E5_R1
./fastq/plate2-C4-redo_S47_L001_R1_001.fastq,AC4508016O302C4-redo_R1_.fastq,AC4_50-80_16O-30_2_C4_R1-redo
./fastq/plate3-H7_S54_L001_R1_001.fastq,AB4508018O303H7_R1_.fastq,AB4_50-80_18O-30_3_H7_R1
./fastq/plate2-C11_S49_L001_R1_001.fastq,AB4508018O72C11_R1_.fastq,AB4_50-80_18O-7_2_C11_R1
./fastq/plate3-F4_S29_L001_R1_001.fastq,AA4508018O303F4_R1_.fastq,AA4_50-80_18O-30_3_F4_R1
./fastq/plate3-C4_S82_L001_R1_001.fastq,AA4508018O303C4_R1_.fastq,AA4_50-80_18O-30_3_C4_R1
./fastq/plate3-A11_S77_L001_R1_001.fastq,AC4508018O303A11_R1_.fastq,AC4_50-80_18O-30_3_A11_R1
./fastq/plate1-B2_S162_L001_R2_001.fastq,AA4508016O71B2_R2_.fastq,AA4_50-80_16O-7_1_B2_R2
./fastq/plate1-G10_S178_L001_R1_001.fastq,AA4508016O301G10_R1_.fastq,AA4_50-80_16O-30_1_G10_R1
./fastq/plate2-E2_S144_L001_R1_001.fastq,AB4508016O302E2_R1_.fastq,AB4_50-80_16O-30_2_E2_R1
./fastq/plate1-D1_S90_L001_R1_001.fastq,AA4508016O71D1_R1_.fastq,AA4_50-80_16O-7_1_D1_R1
./fastq/plate2-G8_S137_L001_R1_001.fastq,AA4508018O72G8_R1_.fastq,AA4_50-80_18O-7_2_G8_R1
./fastq/plate2-C10_S48_L001_R1_001.fastq,AB4508018O72C10_R1_.fastq,AB4_50-80_18O-7_2_C10_R1
./fastq/plate2-D5_S170_L001_R1_001.fastq,AC4508016O302D5_R1_.fastq,AC4_50-80_16O-30_2_D5_R1
./fastq/plate3-F10_S45_L001_R1_001.fastq,AC4508018O303F10_R1_.fastq,AC4_50-80_18O-30_3_F10_R1
./fastq/plate2-F2_S156_L001_R2_001.fastq,AB4508016O302F2_R2_.fastq,AB4_50-80_16O-30_2_F2_R2
./fastq/plate1-F10_S166_L001_R1_001.fastq,AA4508016O301F10_R1_.fastq,AA4_50-80_16O-30_1_F10_R1
./fastq/plate2-G1_S167_L001_R2_001.fastq,AB4508016O302G1_R2_.fastq,AB4_50-80_16O-30_2_G1_R2
./fastq/plate3-H10_S67_L001_R1_001.fastq,AC4508018O303H10_R1_.fastq,AC4_50-80_18O-30_3_H10_R1
./fastq/plate3-D4_S5_L001_R2_001.fastq,AA4508018O303D4_R2_.fastq,AA4_50-80_18O-30_3_D4_R2
./fastq/plate1-E10_S154_L001_R2_001.fastq,AA4508016O301E10_R2_.fastq,AA4_50-80_16O-30_1_E10_R2
./fastq/plate3-H8_S32_L001_R2_001.fastq,AB4508018O303H8_R2_.fastq,AB4_50-80_18O-30_3_H8_R2
./fastq/plate3-F5-redo_S12_L001_R1_001.fastq,AA4508018O303F5-redo_R1_.fastq,AA4_50-80_18O-30_3_F5_R1-redo
./fastq/plate1-D11_S131_L001_R1_001.fastq,AA4508016O301D11_R1_.fastq,AA4_50-80_16O-30_1_D11_R1
./fastq/plate3-A4_S62_L001_R2_001.fastq,AA4508018O303A4_R2_.fastq,AA4_50-80_18O-30_3_A4_R2
./fastq/plate3-C8_S65_L001_R1_001.fastq,AB4508018O303C8_R1_.fastq,AB4_50-80_18O-30_3_C8_R1
./fastq/plate2-E8_S113_L001_R2_001.fastq,AA4508018O72E8_R2_.fastq,AA4_50-80_18O-7_2_E8_R2
./fastq/plate3-E7_S19_L001_R2_001.fastq,AB4508018O303E7_R2_.fastq,AB4_50-80_18O-30_3_E7_R2
./fastq/plate3-G1_S15_L001_R2_001.fastq,AC4508018O73G1_R2_.fastq,AC4_50-80_18O-7_3_G1_R2
./fastq/plate3-G9_S55_L001_R1_001.fastq,AC4508018O303G9_R1_.fastq,AC4_50-80_18O-30_3_G9_R1
./fastq/plate2-A3_S97_L001_R1_001.fastq,AB4508016O302A3_R1_.fastq,AB4_50-80_16O-30_2_A3_R1
./fastq/plate3-G2_S16_L001_R1_001.fastq,AC4508018O73G2_R1_.fastq,AC4_50-80_18O-7_3_G2_R1
./fastq/plate2-E1_S143_L001_R1_001.fastq,AB4508016O302E1_R1_.fastq,AB4_50-80_16O-30_2_E1_R1
./fastq/plate2-F4_S110_L001_R1_001.fastq,AC4508016O302F4_R1_.fastq,AC4_50-80_16O-30_2_F4_R1
./fastq/plate3-D11_S22_L001_R1_001.fastq,AC4508018O303D11_R1_.fastq,AC4_50-80_18O-30_3_D11_R1
./fastq/plate1-E4_S128_L001_R1_001.fastq,AB4508016O71E4_R1_.fastq,AB4_50-80_16O-7_1_E4_R1
./fastq/plate1-F5_S129_L001_R2_001.fastq,AB4508016O71F5_R2_.fastq,AB4_50-80_16O-7_1_F5_R2
./fastq/plate1-A3_S151_L001_R1_001.fastq,AA4508016O71A3_R1_.fastq,AA4_50-80_16O-7_1_A3_R1
./fastq/plate2-A10_S25_L001_R1_001.fastq,AB4508018O72A10_R1_.fastq,AB4_50-80_18O-7_2_A10_R1
./fastq/plate2-B2-redo_S46_L001_R2_001.fastq,AB4508016O302B2-redo_R2_.fastq,AB4_50-80_16O-30_2_B2_R2-redo
./fastq/plate2-H2_S180_L001_R1_001.fastq,AB4508016O302H2_R1_.fastq,AB4_50-80_16O-30_2_H2_R1
./fastq/plate2-E4_S98_L001_R1_001.fastq,AC4508016O302E4_R1_.fastq,AC4_50-80_16O-30_2_E4_R1
./fastq/plate2-A2_S96_L001_R1_001.fastq,AB4508016O302A2_R1_.fastq,AB4_50-80_16O-30_2_A2_R1
./fastq/plate2-B10_S37_L001_R2_001.fastq,AB4508018O72B10_R2_.fastq,AB4_50-80_18O-7_2_B10_R2
./fastq/plate2-C4_S169_L001_R1_001.fastq,AC4508016O302C4_R1_.fastq,AC4_50-80_16O-30_2_C4_R1
./fastq/plate3-G4_S41_L001_R2_001.fastq,AA4508018O303G4_R2_.fastq,AA4_50-80_18O-30_3_G4_R2
./fastq/plate2-A10_S25_L001_R2_001.fastq,AB4508018O72A10_R2_.fastq,AB4_50-80_18O-7_2_A10_R2
./fastq/plate1-F5_S129_L001_R1_001.fastq,AB4508016O71F5_R1_.fastq,AB4_50-80_16O-7_1_F5_R1
./fastq/plate1-E4_S128_L001_R2_001.fastq,AB4508016O71E4_R2_.fastq,AB4_50-80_16O-7_1_E4_R2
./fastq/plate3-D11_S22_L001_R2_001.fastq,AC4508018O303D11_R2_.fastq,AC4_50-80_18O-30_3_D11_R2
./fastq/plate1-A3_S151_L001_R2_001.fastq,AA4508016O71A3_R2_.fastq,AA4_50-80_16O-7_1_A3_R2
./fastq/plate2-B10_S37_L001_R1_001.fastq,AB4508018O72B10_R1_.fastq,AB4_50-80_18O-7_2_B10_R1
./fastq/plate2-A2_S96_L001_R2_001.fastq,AB4508016O302A2_R2_.fastq,AB4_50-80_16O-30_2_A2_R2
./fastq/plate3-G4_S41_L001_R1_001.fastq,AA4508018O303G4_R1_.fastq,AA4_50-80_18O-30_3_G4_R1
./fastq/plate2-C4_S169_L001_R2_001.fastq,AC4508016O302C4_R2_.fastq,AC4_50-80_16O-30_2_C4_R2
./fastq/plate2-H2_S180_L001_R2_001.fastq,AB4508016O302H2_R2_.fastq,AB4_50-80_16O-30_2_H2_R2
./fastq/plate2-B2-redo_S46_L001_R1_001.fastq,AB4508016O302B2-redo_R1_.fastq,AB4_50-80_16O-30_2_B2_R1-redo
./fastq/plate2-E4_S98_L001_R2_001.fastq,AC4508016O302E4_R2_.fastq,AC4_50-80_16O-30_2_E4_R2
./fastq/plate3-F5-redo_S12_L001_R2_001.fastq,AA4508018O303F5-redo_R2_.fastq,AA4_50-80_18O-30_3_F5_R2-redo
./fastq/plate3-A4_S62_L001_R1_001.fastq,AA4508018O303A4_R1_.fastq,AA4_50-80_18O-30_3_A4_R1
./fastq/plate1-D11_S131_L001_R2_001.fastq,AA4508016O301D11_R2_.fastq,AA4_50-80_16O-30_1_D11_R2
./fastq/plate3-H8_S32_L001_R1_001.fastq,AB4508018O303H8_R1_.fastq,AB4_50-80_18O-30_3_H8_R1
./fastq/plate1-E10_S154_L001_R1_001.fastq,AA4508016O301E10_R1_.fastq,AA4_50-80_16O-30_1_E10_R1
./fastq/plate3-D4_S5_L001_R1_001.fastq,AA4508018O303D4_R1_.fastq,AA4_50-80_18O-30_3_D4_R1
./fastq/plate3-H10_S67_L001_R2_001.fastq,AC4508018O303H10_R2_.fastq,AC4_50-80_18O-30_3_H10_R2
./fastq/plate2-A3_S97_L001_R2_001.fastq,AB4508016O302A3_R2_.fastq,AB4_50-80_16O-30_2_A3_R2
./fastq/plate2-F4_S110_L001_R2_001.fastq,AC4508016O302F4_R2_.fastq,AC4_50-80_16O-30_2_F4_R2
./fastq/plate2-E1_S143_L001_R2_001.fastq,AB4508016O302E1_R2_.fastq,AB4_50-80_16O-30_2_E1_R2
./fastq/plate3-G2_S16_L001_R2_001.fastq,AC4508018O73G2_R2_.fastq,AC4_50-80_18O-7_3_G2_R2
./fastq/plate3-E7_S19_L001_R1_001.fastq,AB4508018O303E7_R1_.fastq,AB4_50-80_18O-30_3_E7_R1
./fastq/plate2-E8_S113_L001_R1_001.fastq,AA4508018O72E8_R1_.fastq,AA4_50-80_18O-7_2_E8_R1
./fastq/plate3-C8_S65_L001_R2_001.fastq,AB4508018O303C8_R2_.fastq,AB4_50-80_18O-30_3_C8_R2
./fastq/plate3-G9_S55_L001_R2_001.fastq,AC4508018O303G9_R2_.fastq,AC4_50-80_18O-30_3_G9_R2
./fastq/plate3-G1_S15_L001_R1_001.fastq,AC4508018O73G1_R1_.fastq,AC4_50-80_18O-7_3_G1_R1
./fastq/plate1-G2_S127_L001_R2_001.fastq,AA4508016O71G2_R2_.fastq,AA4_50-80_16O-7_1_G2_R2
./fastq/plate1-G1_S126_L001_R2_001.fastq,AA4508016O71G1_R2_.fastq,AA4_50-80_16O-7_1_G1_R2
./fastq/plate2-B4-redo_S78_L001_R2_001.fastq,AC4508016O302B4-redo_R2_.fastq,AC4_50-80_16O-30_2_B4_R2-redo
./fastq/plate3-F2_S4_L001_R1_001.fastq,AC4508018O73F2_R1_.fastq,AC4_50-80_18O-7_3_F2_R1
./fastq/plate2-D4_S181_L001_R2_001.fastq,AC4508016O302D4_R2_.fastq,AC4_50-80_16O-30_2_D4_R2
./fastq/plate2-F8_S125_L001_R1_001.fastq,AA4508018O72F8_R1_.fastq,AA4_50-80_18O-7_2_F8_R1
./fastq/plate2-F9_S161_L001_R2_001.fastq,AB4508018O72F9_R2_.fastq,AB4_50-80_18O-7_2_F9_R2
./fastq/plate3-B11_S87_L001_R1_001.fastq,AC4508018O303B11_R1_.fastq,AC4_50-80_18O-30_3_B11_R1
./fastq/plate3-D2_S71_L001_R2_001.fastq,AC4508018O73D2_R2_.fastq,AC4_50-80_18O-7_3_D2_R2
./fastq/plate1-B4_S92_L001_R2_001.fastq,AB4508016O71B4_R2_.fastq,AB4_50-80_16O-7_1_B4_R2
./fastq/plate3-H5-redo_S36_L001_R2_001.fastq,AA4508018O303H5-redo_R2_.fastq,AA4_50-80_18O-30_3_H5_R2-redo
./fastq/plate2-B11_S38_L001_R2_001.fastq,AB4508018O72B11_R2_.fastq,AB4_50-80_18O-7_2_B11_R2
./fastq/plate2-D10_S59_L001_R1_001.fastq,AB4508018O72D10_R1_.fastq,AB4_50-80_18O-7_2_D10_R1
./fastq/plate2-C7_S124_L001_R2_001.fastq,AA4508018O72C7_R2_.fastq,AA4_50-80_18O-7_2_C7_R2
./fastq/plate1-D4_S116_L001_R1_001.fastq,AB4508016O71D4_R1_.fastq,AB4_50-80_16O-7_1_D4_R1
./fastq/plate2-G9_S1_L001_R1_001.fastq,AB4508018O72G9_R1_.fastq,AB4_50-80_18O-7_2_G9_R1
./fastq/plate2-E10_S69_L001_R1_001.fastq,AB4508018O72E10_R1_.fastq,AB4_50-80_18O-7_2_E10_R1
./fastq/plate1-C4_S104_L001_R1_001.fastq,AB4508016O71C4_R1_.fastq,AB4_50-80_16O-7_1_C4_R1
./fastq/plate2-D7_S136_L001_R2_001.fastq,AA4508018O72D7_R2_.fastq,AA4_50-80_18O-7_2_D7_R2
./fastq/plate3-A7_S64_L001_R1_001.fastq,AB4508018O303A7_R1_.fastq,AB4_50-80_18O-30_3_A7_R1
./fastq/plate2-A4_S145_L001_R2_001.fastq,AC4508016O302A4_R2_.fastq,AC4_50-80_16O-30_2_A4_R2
./fastq/plate1-D5_S105_L001_R1_001.fastq,AB4508016O71D5_R1_.fastq,AB4_50-80_16O-7_1_D5_R1
./fastq/plate2-C3_S121_L001_R2_001.fastq,AB4508016O302C3_R2_.fastq,AB4_50-80_16O-30_2_C3_R2
./fastq/plate3-B10_S86_L001_R1_001.fastq,AC4508018O303B10_R1_.fastq,AC4_50-80_18O-30_3_B10_R1
./fastq/plate3-A5_S52_L001_R2_001.fastq,AA4508018O303A5_R2_.fastq,AA4_50-80_18O-30_3_A5_R2
./fastq/plate3-E1_S80_L001_R2_001.fastq,AC4508018O73E1_R2_.fastq,AC4_50-80_18O-7_3_E1_R2
./fastq/plate2-B4_S157_L001_R1_001.fastq,AC4508016O302B4_R1_.fastq,AC4_50-80_16O-30_2_B4_R1
./fastq/plate2-A4_S145_L001_R1_001.fastq,AC4508016O302A4_R1_.fastq,AC4_50-80_16O-30_2_A4_R1
./fastq/plate3-A7_S64_L001_R2_001.fastq,AB4508018O303A7_R2_.fastq,AB4_50-80_18O-30_3_A7_R2
./fastq/plate1-D4_S116_L001_R2_001.fastq,AB4508016O71D4_R2_.fastq,AB4_50-80_16O-7_1_D4_R2
./fastq/plate2-C7_S124_L001_R1_001.fastq,AA4508018O72C7_R1_.fastq,AA4_50-80_18O-7_2_C7_R1
./fastq/plate2-D10_S59_L001_R2_001.fastq,AB4508018O72D10_R2_.fastq,AB4_50-80_18O-7_2_D10_R2
./fastq/plate2-D7_S136_L001_R1_001.fastq,AA4508018O72D7_R1_.fastq,AA4_50-80_18O-7_2_D7_R1
./fastq/plate1-C4_S104_L001_R2_001.fastq,AB4508016O71C4_R2_.fastq,AB4_50-80_16O-7_1_C4_R2
./fastq/plate2-E10_S69_L001_R2_001.fastq,AB4508018O72E10_R2_.fastq,AB4_50-80_18O-7_2_E10_R2
./fastq/plate2-G9_S1_L001_R2_001.fastq,AB4508018O72G9_R2_.fastq,AB4_50-80_18O-7_2_G9_R2
./fastq/plate2-B4_S157_L001_R2_001.fastq,AC4508016O302B4_R2_.fastq,AC4_50-80_16O-30_2_B4_R2
./fastq/plate1-D5_S105_L001_R2_001.fastq,AB4508016O71D5_R2_.fastq,AB4_50-80_16O-7_1_D5_R2
./fastq/plate3-E1_S80_L001_R1_001.fastq,AC4508018O73E1_R1_.fastq,AC4_50-80_18O-7_3_E1_R1
./fastq/plate3-A5_S52_L001_R1_001.fastq,AA4508018O303A5_R1_.fastq,AA4_50-80_18O-30_3_A5_R1
./fastq/plate3-B10_S86_L001_R2_001.fastq,AC4508018O303B10_R2_.fastq,AC4_50-80_18O-30_3_B10_R2
./fastq/plate2-C3_S121_L001_R1_001.fastq,AB4508016O302C3_R1_.fastq,AB4_50-80_16O-30_2_C3_R1
./fastq/plate2-B4-redo_S78_L001_R1_001.fastq,AC4508016O302B4-redo_R1_.fastq,AC4_50-80_16O-30_2_B4_R1-redo
./fastq/plate2-D4_S181_L001_R1_001.fastq,AC4508016O302D4_R1_.fastq,AC4_50-80_16O-30_2_D4_R1
./fastq/plate3-F2_S4_L001_R2_001.fastq,AC4508018O73F2_R2_.fastq,AC4_50-80_18O-7_3_F2_R2
./fastq/plate1-G2_S127_L001_R1_001.fastq,AA4508016O71G2_R1_.fastq,AA4_50-80_16O-7_1_G2_R1
./fastq/plate1-G1_S126_L001_R1_001.fastq,AA4508016O71G1_R1_.fastq,AA4_50-80_16O-7_1_G1_R1
./fastq/plate1-B4_S92_L001_R1_001.fastq,AB4508016O71B4_R1_.fastq,AB4_50-80_16O-7_1_B4_R1
./fastq/plate2-B11_S38_L001_R1_001.fastq,AB4508018O72B11_R1_.fastq,AB4_50-80_18O-7_2_B11_R1
./fastq/plate3-H5-redo_S36_L001_R1_001.fastq,AA4508018O303H5-redo_R1_.fastq,AA4_50-80_18O-30_3_H5_R1-redo
./fastq/plate2-F8_S125_L001_R2_001.fastq,AA4508018O72F8_R2_.fastq,AA4_50-80_18O-7_2_F8_R2
./fastq/plate3-D2_S71_L001_R1_001.fastq,AC4508018O73D2_R1_.fastq,AC4_50-80_18O-7_3_D2_R1
./fastq/plate3-B11_S87_L001_R2_001.fastq,AC4508018O303B11_R2_.fastq,AC4_50-80_18O-30_3_B11_R2
./fastq/plate2-F9_S161_L001_R1_001.fastq,AB4508018O72F9_R1_.fastq,AB4_50-80_18O-7_2_F9_R1
./fastq/plate3-H1_S27_L001_R1_001.fastq,AC4508018O73H1_R1_.fastq,AC4_50-80_18O-7_3_H1_R1
./fastq/plate3-F8_S8_L001_R2_001.fastq,AB4508018O303F8_R2_.fastq,AB4_50-80_18O-30_3_F8_R2
./fastq/plate2-G5_S111_L001_R2_001.fastq,AC4508016O302G5_R2_.fastq,AC4_50-80_16O-30_2_G5_R2
./fastq/plate2-B3_S109_L001_R1_001.fastq,AB4508016O302B3_R1_.fastq,AB4_50-80_16O-30_2_B3_R1
./fastq/plate1-B10_S118_L001_R1_001.fastq,AA4508016O301B10_R1_.fastq,AA4_50-80_16O-30_1_B10_R1
./fastq/plate1-E2_S103_L001_R2_001.fastq,AA4508016O71E2_R2_.fastq,AA4_50-80_16O-7_1_E2_R2
./fastq/plate1-E1_S102_L001_R2_001.fastq,AA4508016O71E1_R2_.fastq,AA4_50-80_16O-7_1_E1_R2
./fastq/plate1-D10_S142_L001_R1_001.fastq,AA4508016O301D10_R1_.fastq,AA4_50-80_16O-30_1_D10_R1
./fastq/plate2-A4-redo_S68_L001_R2_001.fastq,AC4508016O302A4-redo_R2_.fastq,AC4_50-80_16O-30_2_A4_R2-redo
./fastq/plate2-G2_S168_L001_R1_001.fastq,AB4508016O302G2_R1_.fastq,AB4_50-80_16O-30_2_G2_R1
./fastq/plate1-A10_S106_L001_R2_001.fastq,AA4508016O301A10_R2_.fastq,AA4_50-80_16O-30_1_A10_R2
./fastq/plate3-C7_S84_L001_R1_001.fastq,AB4508018O303C7_R1_.fastq,AB4_50-80_18O-30_3_C7_R1
./fastq/plate3-E5_S6_L001_R1_001.fastq,AA4508018O303E5_R1_.fastq,AA4_50-80_18O-30_3_E5_R1
./fastq/plate3-E8_S85_L001_R1_001.fastq,AB4508018O303E8_R1_.fastq,AB4_50-80_18O-30_3_E8_R1
./fastq/plate2-D8_S101_L001_R1_001.fastq,AA4508018O72D8_R1_.fastq,AA4_50-80_18O-7_2_D8_R1
./fastq/plate2-C5_S158_L001_R2_001.fastq,AC4508016O302C5_R2_.fastq,AC4_50-80_16O-30_2_C5_R2
./fastq/plate2-C6_S159_L001_R2_001.fastq,AA4508018O72C6_R2_.fastq,AA4_50-80_18O-7_2_C6_R2
./fastq/plate1-A5_S164_L001_R2_001.fastq,AB4508016O71A5_R2_.fastq,AB4_50-80_16O-7_1_A5_R2
./fastq/plate2-A7_S100_L001_R2_001.fastq,AA4508018O72A7_R2_.fastq,AA4_50-80_18O-7_2_A7_R2
./fastq/plate3-F7_S31_L001_R1_001.fastq,AB4508018O303F7_R1_.fastq,AB4_50-80_18O-30_3_F7_R1
./fastq/plate1-B5_S176_L001_R1_001.fastq,AB4508016O71B5_R1_.fastq,AB4_50-80_16O-7_1_B5_R1
./fastq/plate2-B7_S112_L001_R1_001.fastq,AA4508018O72B7_R1_.fastq,AA4_50-80_18O-7_2_B7_R1
./fastq/plate1-C5_S93_L001_R1_001.fastq,AB4508016O71C5_R1_.fastq,AB4_50-80_16O-7_1_C5_R1
./fastq/plate2-A7_S100_L001_R1_001.fastq,AA4508018O72A7_R1_.fastq,AA4_50-80_18O-7_2_A7_R1
./fastq/plate1-A5_S164_L001_R1_001.fastq,AB4508016O71A5_R1_.fastq,AB4_50-80_16O-7_1_A5_R1
./fastq/plate2-C5_S158_L001_R1_001.fastq,AC4508016O302C5_R1_.fastq,AC4_50-80_16O-30_2_C5_R1
./fastq/plate2-C6_S159_L001_R1_001.fastq,AA4508018O72C6_R1_.fastq,AA4_50-80_18O-7_2_C6_R1
./fastq/plate2-B7_S112_L001_R2_001.fastq,AA4508018O72B7_R2_.fastq,AA4_50-80_18O-7_2_B7_R2
./fastq/plate1-B5_S176_L001_R2_001.fastq,AB4508016O71B5_R2_.fastq,AB4_50-80_16O-7_1_B5_R2
./fastq/plate1-C5_S93_L001_R2_001.fastq,AB4508016O71C5_R2_.fastq,AB4_50-80_16O-7_1_C5_R2
./fastq/plate3-F7_S31_L001_R2_001.fastq,AB4508018O303F7_R2_.fastq,AB4_50-80_18O-30_3_F7_R2
./fastq/plate1-E2_S103_L001_R1_001.fastq,AA4508016O71E2_R1_.fastq,AA4_50-80_16O-7_1_E2_R1
./fastq/plate1-B10_S118_L001_R2_001.fastq,AA4508016O301B10_R2_.fastq,AA4_50-80_16O-30_1_B10_R2
./fastq/plate2-B3_S109_L001_R2_001.fastq,AB4508016O302B3_R2_.fastq,AB4_50-80_16O-30_2_B3_R2
./fastq/plate1-D10_S142_L001_R2_001.fastq,AA4508016O301D10_R2_.fastq,AA4_50-80_16O-30_1_D10_R2
./fastq/plate1-E1_S102_L001_R1_001.fastq,AA4508016O71E1_R1_.fastq,AA4_50-80_16O-7_1_E1_R1
./fastq/plate3-F8_S8_L001_R1_001.fastq,AB4508018O303F8_R1_.fastq,AB4_50-80_18O-30_3_F8_R1
./fastq/plate3-H1_S27_L001_R2_001.fastq,AC4508018O73H1_R2_.fastq,AC4_50-80_18O-7_3_H1_R2
./fastq/plate2-G5_S111_L001_R1_001.fastq,AC4508016O302G5_R1_.fastq,AC4_50-80_16O-30_2_G5_R1
./fastq/plate2-D8_S101_L001_R2_001.fastq,AA4508018O72D8_R2_.fastq,AA4_50-80_18O-7_2_D8_R2
./fastq/plate2-A4-redo_S68_L001_R1_001.fastq,AC4508016O302A4-redo_R1_.fastq,AC4_50-80_16O-30_2_A4_R1-redo
./fastq/plate3-E8_S85_L001_R2_001.fastq,AB4508018O303E8_R2_.fastq,AB4_50-80_18O-30_3_E8_R2
./fastq/plate3-E5_S6_L001_R2_001.fastq,AA4508018O303E5_R2_.fastq,AA4_50-80_18O-30_3_E5_R2
./fastq/plate3-C7_S84_L001_R2_001.fastq,AB4508018O303C7_R2_.fastq,AB4_50-80_18O-30_3_C7_R2
./fastq/plate1-A10_S106_L001_R1_001.fastq,AA4508016O301A10_R1_.fastq,AA4_50-80_16O-30_1_A10_R1
./fastq/plate2-G2_S168_L001_R2_001.fastq,AB4508016O302G2_R2_.fastq,AB4_50-80_16O-30_2_G2_R2
./fastq/plate1-G5_S141_L001_R1_001.fastq,AB4508016O71G5_R1_.fastq,AB4_50-80_16O-7_1_G5_R1
./fastq/plate1-C11_S119_L001_R2_001.fastq,AA4508016O301C11_R2_.fastq,AA4_50-80_16O-30_1_C11_R2
./fastq/plate3-H2_S28_L001_R1_001.fastq,AC4508018O73H2_R1_.fastq,AC4_50-80_18O-7_3_H2_R1
./fastq/plate1-D2_S91_L001_R2_001.fastq,AA4508016O71D2_R2_.fastq,AA4_50-80_16O-7_1_D2_R2
./fastq/plate1-H9_S94_L001_R1_001.fastq,AA4508016O301H9_R1_.fastq,AA4_50-80_16O-30_1_H9_R1
./fastq/plate1-G4_S152_L001_R1_001.fastq,AB4508016O71G4_R1_.fastq,AB4_50-80_16O-7_1_G4_R1
./fastq/plate1-H1_S138_L001_R2_001.fastq,AA4508016O71H1_R2_.fastq,AA4_50-80_16O-7_1_H1_R2
./fastq/plate2-F1_S155_L001_R2_001.fastq,AB4508016O302F1_R2_.fastq,AB4_50-80_16O-30_2_F1_R2
./fastq/plate2-G7_S172_L001_R2_001.fastq,AA4508018O72G7_R2_.fastq,AA4_50-80_18O-7_2_G7_R2
./fastq/plate1-H2_S139_L001_R2_001.fastq,AA4508016O71H2_R2_.fastq,AA4_50-80_16O-7_1_H2_R2
./fastq/plate2-E5_S182_L001_R2_001.fastq,AC4508016O302E5_R2_.fastq,AC4_50-80_16O-30_2_E5_R2
./fastq/plate1-A4-redo_S11_L001_R1_001.fastq,AB4508016O71A4-redo_R1_.fastq,AB4_50-80_16O-7_1_A4_R1-redo
./fastq/plate2-H5_S123_L001_R1_001.fastq,AC4508016O302H5_R1_.fastq,AC4_50-80_16O-30_2_H5_R1
./fastq/plate3-B4_S72_L001_R2_001.fastq,AA4508018O303B4_R2_.fastq,AA4_50-80_18O-30_3_B4_R2
./fastq/plate2-H8_S149_L001_R2_001.fastq,AA4508018O72H8_R2_.fastq,AA4_50-80_18O-7_2_H8_R2
./fastq/plate1-B11_S107_L001_R2_001.fastq,AA4508016O301B11_R2_.fastq,AA4_50-80_16O-30_1_B11_R2
./fastq/plate3-G10_S56_L001_R1_001.fastq,AC4508018O303G10_R1_.fastq,AC4_50-80_18O-30_3_G10_R1
./fastq/plate2-A6_S135_L001_R1_001.fastq,AA4508018O72A6_R1_.fastq,AA4_50-80_18O-7_2_A6_R1
./fastq/plate2-A5_S134_L001_R1_001.fastq,AC4508016O302A5_R1_.fastq,AC4_50-80_16O-30_2_A5_R1
./fastq/plate2-B2_S108_L001_R2_001.fastq,AB4508016O302B2_R2_.fastq,AB4_50-80_16O-30_2_B2_R2
./fastq/plate3-C2_S61_L001_R2_001.fastq,AC4508018O73C2_R2_.fastq,AC4_50-80_18O-7_3_C2_R2
./fastq/plate2-A6_S135_L001_R2_001.fastq,AA4508018O72A6_R2_.fastq,AA4_50-80_18O-7_2_A6_R2
./fastq/plate3-G10_S56_L001_R2_001.fastq,AC4508018O303G10_R2_.fastq,AC4_50-80_18O-30_3_G10_R2
./fastq/plate2-A5_S134_L001_R2_001.fastq,AC4508016O302A5_R2_.fastq,AC4_50-80_16O-30_2_A5_R2
./fastq/plate3-C2_S61_L001_R1_001.fastq,AC4508018O73C2_R1_.fastq,AC4_50-80_18O-7_3_C2_R1
./fastq/plate2-B2_S108_L001_R1_001.fastq,AB4508016O302B2_R1_.fastq,AB4_50-80_16O-30_2_B2_R1
./fastq/plate1-C11_S119_L001_R1_001.fastq,AA4508016O301C11_R1_.fastq,AA4_50-80_16O-30_1_C11_R1
./fastq/plate3-H2_S28_L001_R2_001.fastq,AC4508018O73H2_R2_.fastq,AC4_50-80_18O-7_3_H2_R2
./fastq/plate1-G5_S141_L001_R2_001.fastq,AB4508016O71G5_R2_.fastq,AB4_50-80_16O-7_1_G5_R2
./fastq/plate2-H5_S123_L001_R2_001.fastq,AC4508016O302H5_R2_.fastq,AC4_50-80_16O-30_2_H5_R2
./fastq/plate1-A4-redo_S11_L001_R2_001.fastq,AB4508016O71A4-redo_R2_.fastq,AB4_50-80_16O-7_1_A4_R2-redo
./fastq/plate1-B11_S107_L001_R1_001.fastq,AA4508016O301B11_R1_.fastq,AA4_50-80_16O-30_1_B11_R1
./fastq/plate2-H8_S149_L001_R1_001.fastq,AA4508018O72H8_R1_.fastq,AA4_50-80_18O-7_2_H8_R1
./fastq/plate3-B4_S72_L001_R1_001.fastq,AA4508018O303B4_R1_.fastq,AA4_50-80_18O-30_3_B4_R1
./fastq/plate2-F1_S155_L001_R1_001.fastq,AB4508016O302F1_R1_.fastq,AB4_50-80_16O-30_2_F1_R1
./fastq/plate1-H1_S138_L001_R1_001.fastq,AA4508016O71H1_R1_.fastq,AA4_50-80_16O-7_1_H1_R1
./fastq/plate1-G4_S152_L001_R2_001.fastq,AB4508016O71G4_R2_.fastq,AB4_50-80_16O-7_1_G4_R2
./fastq/plate1-H9_S94_L001_R2_001.fastq,AA4508016O301H9_R2_.fastq,AA4_50-80_16O-30_1_H9_R2
./fastq/plate1-D2_S91_L001_R1_001.fastq,AA4508016O71D2_R1_.fastq,AA4_50-80_16O-7_1_D2_R1
./fastq/plate2-E5_S182_L001_R1_001.fastq,AC4508016O302E5_R1_.fastq,AC4_50-80_16O-30_2_E5_R1
./fastq/plate1-H2_S139_L001_R1_001.fastq,AA4508016O71H2_R1_.fastq,AA4_50-80_16O-7_1_H2_R1
./fastq/plate2-G7_S172_L001_R1_001.fastq,AA4508018O72G7_R1_.fastq,AA4_50-80_18O-7_2_G7_R1
./fastq/plate2-D2_S132_L001_R1_001.fastq,AB4508016O302D2_R1_.fastq,AB4_50-80_16O-30_2_D2_R1
./fastq/plate3-D10_S21_L001_R2_001.fastq,AC4508018O303D10_R2_.fastq,AC4_50-80_18O-30_3_D10_R2
./fastq/plate3-F9_S44_L001_R2_001.fastq,AC4508018O303F9_R2_.fastq,AC4_50-80_18O-30_3_F9_R2
./fastq/plate2-C2_S120_L001_R1_001.fastq,AB4508016O302C2_R1_.fastq,AB4_50-80_16O-30_2_C2_R1
./fastq/plate2-A11_S26_L001_R2_001.fastq,AB4508018O72A11_R2_.fastq,AB4_50-80_18O-7_2_A11_R2
./fastq/plate1-H5_S153_L001_R2_001.fastq,AB4508016O71H5_R2_.fastq,AB4_50-80_16O-7_1_H5_R2
./fastq/plate3-G8_S20_L001_R1_001.fastq,AB4508018O303G8_R1_.fastq,AB4_50-80_18O-30_3_G8_R1
./fastq/plate3-D5_S83_L001_R2_001.fastq,AA4508018O303D5_R2_.fastq,AA4_50-80_18O-30_3_D5_R2
./fastq/plate2-G4_S122_L001_R2_001.fastq,AC4508016O302G4_R2_.fastq,AC4_50-80_16O-30_2_G4_R2
./fastq/plate3-C10_S9_L001_R1_001.fastq,AC4508018O303C10_R1_.fastq,AC4_50-80_18O-30_3_C10_R1
./fastq/plate3-A3_S40_L001_R1_001.fastq,AC4508018O73A3_R1_.fastq,AC4_50-80_18O-7_3_A3_R1
./fastq/plate2-D11_S60_L001_R2_001.fastq,AB4508018O72D11_R2_.fastq,AB4_50-80_18O-7_2_D11_R2
./fastq/plate3-H9_S66_L001_R2_001.fastq,AC4508018O303H9_R2_.fastq,AC4_50-80_18O-30_3_H9_R2
./fastq/plate3-C5_S73_L001_R1_001.fastq,AA4508018O303C5_R1_.fastq,AA4_50-80_18O-30_3_C5_R1
./fastq/plate1-G9_S177_L001_R2_001.fastq,AA4508016O301G9_R2_.fastq,AA4_50-80_16O-30_1_G9_R2
./fastq/plate2-E7_S148_L001_R2_001.fastq,AA4508018O72E7_R2_.fastq,AA4_50-80_18O-7_2_E7_R2
./fastq/plate3-F5_S18_L001_R2_001.fastq,AA4508018O303F5_R2_.fastq,AA4_50-80_18O-30_3_F5_R2
./fastq/plate2-E6_S171_L001_R2_001.fastq,AC4508016O302E6_R2_.fastq,AC4_50-80_16O-30_2_E6_R2
./fastq/plate3-A3_S40_L001_R2_001.fastq,AC4508018O73A3_R2_.fastq,AC4_50-80_18O-7_3_A3_R2
./fastq/plate2-E7_S148_L001_R1_001.fastq,AA4508018O72E7_R1_.fastq,AA4_50-80_18O-7_2_E7_R1
./fastq/plate1-G9_S177_L001_R1_001.fastq,AA4508016O301G9_R1_.fastq,AA4_50-80_16O-30_1_G9_R1
./fastq/plate3-C5_S73_L001_R2_001.fastq,AA4508018O303C5_R2_.fastq,AA4_50-80_18O-30_3_C5_R2
./fastq/plate2-E6_S171_L001_R1_001.fastq,AC4508016O302E6_R1_.fastq,AC4_50-80_16O-30_2_E6_R1
./fastq/plate3-F5_S18_L001_R1_001.fastq,AA4508018O303F5_R1_.fastq,AA4_50-80_18O-30_3_F5_R1
./fastq/plate3-H9_S66_L001_R1_001.fastq,AC4508018O303H9_R1_.fastq,AC4_50-80_18O-30_3_H9_R1
./fastq/plate2-D11_S60_L001_R1_001.fastq,AB4508018O72D11_R1_.fastq,AB4_50-80_18O-7_2_D11_R1
./fastq/plate2-A11_S26_L001_R1_001.fastq,AB4508018O72A11_R1_.fastq,AB4_50-80_18O-7_2_A11_R1
./fastq/plate3-D10_S21_L001_R1_001.fastq,AC4508018O303D10_R1_.fastq,AC4_50-80_18O-30_3_D10_R1
./fastq/plate2-D2_S132_L001_R2_001.fastq,AB4508016O302D2_R2_.fastq,AB4_50-80_16O-30_2_D2_R2
./fastq/plate2-C2_S120_L001_R2_001.fastq,AB4508016O302C2_R2_.fastq,AB4_50-80_16O-30_2_C2_R2
./fastq/plate3-F9_S44_L001_R1_001.fastq,AC4508018O303F9_R1_.fastq,AC4_50-80_18O-30_3_F9_R1
./fastq/plate3-C10_S9_L001_R2_001.fastq,AC4508018O303C10_R2_.fastq,AC4_50-80_18O-30_3_C10_R2
./fastq/plate2-G4_S122_L001_R1_001.fastq,AC4508016O302G4_R1_.fastq,AC4_50-80_16O-30_2_G4_R1
./fastq/plate3-D5_S83_L001_R1_001.fastq,AA4508018O303D5_R1_.fastq,AA4_50-80_18O-30_3_D5_R1
./fastq/plate3-G8_S20_L001_R2_001.fastq,AB4508018O303G8_R2_.fastq,AB4_50-80_18O-30_3_G8_R2
./fastq/plate1-H5_S153_L001_R1_001.fastq,AB4508016O71H5_R1_.fastq,AB4_50-80_16O-7_1_H5_R1
